customer_id,latent_persona,tenure_months,signup_date,support_ticket_bias
C00001,Discount-Led,8,2025-07-26,2
C00002,High-Value At Risk,26,2024-01-26,0
C00003,Dormant,15,2024-12-25,1
C00004,Discount-Led,8,2025-07-26,0
C00005,Champions,22,2024-05-27,2
C00006,Dormant,13,2025-02-24,1
C00007,Discount-Led,10,2025-05-26,0
C00008,Discount-Led,16,2024-11-25,1
C00009,Champions,33,2023-06-27,0
C00010,High-Value At Risk,13,2025-02-24,3
C00011,Loyal Growth,25,2024-02-25,0
C00012,Dormant,21,2024-06-26,2
C00013,Discount-Led,13,2025-02-24,1
C00014,Dormant,9,2025-06-26,1
C00015,High-Value At Risk,34,2023-05-28,1
C00016,Loyal Growth,11,2025-04-26,0
C00017,High-Value At Risk,13,2025-02-24,2
C00018,Champions,18,2024-09-25,0
C00019,Dormant,14,2025-01-25,0
C00020,Discount-Led,14,2025-01-25,1
C00021,Discount-Led,21,2024-06-26,1
C00022,Loyal Growth,26,2024-01-26,0
C00023,Dormant,6,2025-09-25,1
C00024,Dormant,7,2025-08-26,3
C00025,Discount-Led,10,2025-05-26,0
C00026,Loyal Growth,28,2023-11-26,0
C00027,High-Value At Risk,13,2025-02-24,3
C00028,Champions,22,2024-05-27,1
C00029,Champions,27,2023-12-27,1
C00030,Discount-Led,16,2024-11-25,0
C00031,Discount-Led,21,2024-06-26,0
C00032,Dormant,15,2024-12-25,0
C00033,Loyal Growth,14,2025-01-25,0
C00034,Loyal Growth,13,2025-02-24,2
C00035,High-Value At Risk,28,2023-11-26,4
C00036,Loyal Growth,17,2024-10-26,0
C00037,Champions,21,2024-06-26,0
C00038,High-Value At Risk,23,2024-04-26,3
C00039,Loyal Growth,28,2023-11-26,0
C00040,Discount-Led,13,2025-02-24,0
C00041,High-Value At Risk,19,2024-08-26,2
C00042,Dormant,8,2025-07-26,2
C00043,Discount-Led,16,2024-11-25,2
C00044,Loyal Growth,25,2024-02-25,0
C00045,Dormant,17,2024-10-26,2
C00046,Discount-Led,24,2024-03-27,0
C00047,Loyal Growth,21,2024-06-26,1
C00048,Loyal Growth,10,2025-05-26,0
C00049,Discount-Led,13,2025-02-24,1
C00050,Champions,31,2023-08-27,0
C00051,Loyal Growth,18,2024-09-25,1
C00052,Champions,16,2024-11-25,1
C00053,Discount-Led,22,2024-05-27,0
C00054,Discount-Led,17,2024-10-26,0
C00055,Discount-Led,15,2024-12-25,1
C00056,Discount-Led,21,2024-06-26,3
C00057,High-Value At Risk,35,2023-04-27,2
C00058,Discount-Led,18,2024-09-25,1
C00059,Champions,21,2024-06-26,1
C00060,Champions,27,2023-12-27,0
C00061,Discount-Led,23,2024-04-26,0
C00062,High-Value At Risk,21,2024-06-26,0
C00063,Discount-Led,22,2024-05-27,1
C00064,Discount-Led,21,2024-06-26,0
C00065,Discount-Led,20,2024-07-26,0
C00066,High-Value At Risk,33,2023-06-27,3
C00067,High-Value At Risk,27,2023-12-27,2
C00068,Loyal Growth,22,2024-05-27,0
C00069,Champions,36,2023-03-28,0
C00070,High-Value At Risk,25,2024-02-25,1
C00071,Loyal Growth,19,2024-08-26,0
C00072,Loyal Growth,16,2024-11-25,1
C00073,Dormant,9,2025-06-26,1
C00074,Loyal Growth,25,2024-02-25,2
C00075,Champions,23,2024-04-26,0
C00076,Loyal Growth,18,2024-09-25,0
C00077,Loyal Growth,13,2025-02-24,2
C00078,Discount-Led,17,2024-10-26,1
C00079,High-Value At Risk,25,2024-02-25,0
C00080,Discount-Led,23,2024-04-26,2
C00081,Discount-Led,12,2025-03-27,1
C00082,Loyal Growth,11,2025-04-26,1
C00083,Dormant,20,2024-07-26,1
C00084,Champions,27,2023-12-27,0
C00085,Champions,19,2024-08-26,0
C00086,Champions,36,2023-03-28,0
C00087,Discount-Led,16,2024-11-25,1
C00088,High-Value At Risk,19,2024-08-26,6
C00089,Champions,35,2023-04-27,0
C00090,High-Value At Risk,31,2023-08-27,5
C00091,Champions,34,2023-05-28,0
C00092,Discount-Led,14,2025-01-25,0
C00093,High-Value At Risk,14,2025-01-25,0
C00094,Loyal Growth,11,2025-04-26,1
C00095,Loyal Growth,13,2025-02-24,1
C00096,Discount-Led,23,2024-04-26,0
C00097,Loyal Growth,26,2024-01-26,1
C00098,Champions,20,2024-07-26,0
C00099,Champions,29,2023-10-27,1
C00100,Dormant,21,2024-06-26,0
C00101,Dormant,12,2025-03-27,0
C00102,Discount-Led,10,2025-05-26,0
C00103,Loyal Growth,12,2025-03-27,1
C00104,Dormant,15,2024-12-25,1
C00105,Discount-Led,16,2024-11-25,3
C00106,Discount-Led,21,2024-06-26,0
C00107,High-Value At Risk,23,2024-04-26,3
C00108,Loyal Growth,14,2025-01-25,1
C00109,Champions,28,2023-11-26,1
C00110,Dormant,11,2025-04-26,1
C00111,High-Value At Risk,31,2023-08-27,2
C00112,Loyal Growth,23,2024-04-26,0
C00113,Loyal Growth,21,2024-06-26,1
C00114,Discount-Led,16,2024-11-25,0
C00115,Champions,21,2024-06-26,0
C00116,Dormant,22,2024-05-27,1
C00117,Discount-Led,24,2024-03-27,1
C00118,Discount-Led,9,2025-06-26,1
C00119,High-Value At Risk,26,2024-01-26,3
C00120,Discount-Led,24,2024-03-27,2
C00121,Discount-Led,23,2024-04-26,2
C00122,Discount-Led,15,2024-12-25,0
C00123,Champions,25,2024-02-25,2
C00124,Loyal Growth,22,2024-05-27,0
C00125,Champions,29,2023-10-27,0
C00126,High-Value At Risk,32,2023-07-28,2
C00127,Loyal Growth,21,2024-06-26,0
C00128,Champions,31,2023-08-27,0
C00129,Champions,23,2024-04-26,2
C00130,Discount-Led,18,2024-09-25,0
C00131,Champions,18,2024-09-25,0
C00132,Dormant,22,2024-05-27,0
C00133,Discount-Led,14,2025-01-25,2
C00134,Loyal Growth,15,2024-12-25,1
C00135,Discount-Led,20,2024-07-26,1
C00136,Champions,23,2024-04-26,0
C00137,Dormant,10,2025-05-26,0
C00138,High-Value At Risk,19,2024-08-26,2
C00139,Discount-Led,15,2024-12-25,3
C00140,Champions,26,2024-01-26,1
C00141,High-Value At Risk,20,2024-07-26,1
C00142,High-Value At Risk,21,2024-06-26,1
C00143,Dormant,21,2024-06-26,0
C00144,Discount-Led,20,2024-07-26,0
C00145,High-Value At Risk,21,2024-06-26,2
C00146,Loyal Growth,12,2025-03-27,0
C00147,Loyal Growth,20,2024-07-26,1
C00148,High-Value At Risk,31,2023-08-27,7
C00149,High-Value At Risk,31,2023-08-27,0
C00150,Champions,17,2024-10-26,0
C00151,Dormant,13,2025-02-24,1
C00152,Dormant,14,2025-01-25,2
C00153,Champions,30,2023-09-26,3
C00154,High-Value At Risk,17,2024-10-26,2
C00155,Champions,31,2023-08-27,0
C00156,Discount-Led,12,2025-03-27,1
C00157,Loyal Growth,28,2023-11-26,0
C00158,Discount-Led,17,2024-10-26,0
C00159,Discount-Led,11,2025-04-26,0
C00160,Discount-Led,11,2025-04-26,1
C00161,Champions,17,2024-10-26,1
C00162,Dormant,20,2024-07-26,0
C00163,Loyal Growth,14,2025-01-25,0
C00164,Champions,33,2023-06-27,1
C00165,High-Value At Risk,19,2024-08-26,2
C00166,Loyal Growth,22,2024-05-27,1
C00167,Dormant,6,2025-09-25,1
C00168,Discount-Led,15,2024-12-25,2
C00169,Loyal Growth,24,2024-03-27,0
C00170,Dormant,20,2024-07-26,0
C00171,Loyal Growth,20,2024-07-26,1
C00172,High-Value At Risk,26,2024-01-26,1
C00173,Loyal Growth,23,2024-04-26,0
C00174,Dormant,19,2024-08-26,1
C00175,Champions,19,2024-08-26,0
C00176,Champions,23,2024-04-26,0
C00177,High-Value At Risk,26,2024-01-26,5
C00178,Dormant,12,2025-03-27,2
C00179,Dormant,22,2024-05-27,1
C00180,Discount-Led,20,2024-07-26,1
C00181,Dormant,8,2025-07-26,1
C00182,Dormant,9,2025-06-26,3
C00183,High-Value At Risk,27,2023-12-27,1
C00184,Loyal Growth,15,2024-12-25,1
C00185,Discount-Led,23,2024-04-26,1
C00186,Discount-Led,11,2025-04-26,0
C00187,Loyal Growth,11,2025-04-26,2
C00188,Champions,19,2024-08-26,3
C00189,Discount-Led,16,2024-11-25,1
C00190,Loyal Growth,10,2025-05-26,1
C00191,Dormant,16,2024-11-25,3
C00192,Loyal Growth,12,2025-03-27,1
C00193,Champions,36,2023-03-28,2
C00194,Dormant,18,2024-09-25,0
C00195,Champions,36,2023-03-28,0
C00196,Champions,21,2024-06-26,0
C00197,Discount-Led,16,2024-11-25,0
C00198,Dormant,15,2024-12-25,2
C00199,Loyal Growth,24,2024-03-27,1
C00200,Loyal Growth,23,2024-04-26,0
C00201,Discount-Led,13,2025-02-24,4
C00202,Dormant,19,2024-08-26,1
C00203,High-Value At Risk,13,2025-02-24,0
C00204,Champions,36,2023-03-28,0
C00205,Champions,28,2023-11-26,0
C00206,Loyal Growth,26,2024-01-26,1
C00207,Champions,28,2023-11-26,1
C00208,Discount-Led,24,2024-03-27,1
C00209,Champions,20,2024-07-26,1
C00210,High-Value At Risk,27,2023-12-27,0
C00211,Discount-Led,15,2024-12-25,1
C00212,Discount-Led,11,2025-04-26,1
C00213,Loyal Growth,18,2024-09-25,1
C00214,Discount-Led,13,2025-02-24,0
C00215,Discount-Led,15,2024-12-25,0
C00216,Discount-Led,24,2024-03-27,1
C00217,Champions,27,2023-12-27,2
C00218,Champions,34,2023-05-28,0
C00219,Dormant,12,2025-03-27,0
C00220,Loyal Growth,24,2024-03-27,0
C00221,Loyal Growth,17,2024-10-26,2
C00222,High-Value At Risk,12,2025-03-27,3
C00223,Discount-Led,9,2025-06-26,0
C00224,Dormant,16,2024-11-25,2
C00225,Loyal Growth,28,2023-11-26,0
C00226,Dormant,15,2024-12-25,3
C00227,Champions,33,2023-06-27,0
C00228,High-Value At Risk,16,2024-11-25,0
C00229,Discount-Led,11,2025-04-26,0
C00230,Champions,18,2024-09-25,1
C00231,Champions,16,2024-11-25,1
C00232,Loyal Growth,12,2025-03-27,1
C00233,Dormant,12,2025-03-27,2
C00234,Discount-Led,22,2024-05-27,0
C00235,Dormant,17,2024-10-26,1
C00236,Discount-Led,13,2025-02-24,1
C00237,High-Value At Risk,22,2024-05-27,2
C00238,Discount-Led,10,2025-05-26,2
C00239,Champions,34,2023-05-28,0
C00240,Champions,32,2023-07-28,0
C00241,Dormant,13,2025-02-24,1
C00242,Discount-Led,19,2024-08-26,1
C00243,Loyal Growth,16,2024-11-25,1
C00244,High-Value At Risk,25,2024-02-25,1
C00245,Discount-Led,13,2025-02-24,2
C00246,Dormant,17,2024-10-26,1
C00247,Discount-Led,15,2024-12-25,0
C00248,Loyal Growth,11,2025-04-26,0
C00249,Loyal Growth,25,2024-02-25,0
C00250,High-Value At Risk,30,2023-09-26,4
C00251,Discount-Led,9,2025-06-26,2
C00252,Dormant,16,2024-11-25,2
C00253,High-Value At Risk,22,2024-05-27,3
C00254,Loyal Growth,19,2024-08-26,1
C00255,Loyal Growth,21,2024-06-26,0
C00256,Discount-Led,11,2025-04-26,0
C00257,Dormant,15,2024-12-25,1
C00258,Champions,16,2024-11-25,1
C00259,Champions,20,2024-07-26,0
C00260,Discount-Led,17,2024-10-26,1
C00261,Champions,24,2024-03-27,0
C00262,Dormant,16,2024-11-25,1
C00263,Loyal Growth,15,2024-12-25,0
C00264,Champions,31,2023-08-27,1
C00265,Dormant,8,2025-07-26,2
C00266,Champions,31,2023-08-27,0
C00267,Loyal Growth,16,2024-11-25,0
C00268,Champions,21,2024-06-26,0
C00269,Champions,31,2023-08-27,1
C00270,Champions,36,2023-03-28,1
C00271,Champions,24,2024-03-27,0
C00272,Champions,35,2023-04-27,0
C00273,Champions,30,2023-09-26,0
C00274,Discount-Led,22,2024-05-27,0
C00275,Discount-Led,12,2025-03-27,3
C00276,Loyal Growth,28,2023-11-26,0
C00277,Loyal Growth,22,2024-05-27,1
C00278,High-Value At Risk,25,2024-02-25,3
C00279,Dormant,13,2025-02-24,0
C00280,Dormant,11,2025-04-26,0
C00281,Champions,27,2023-12-27,0
C00282,Loyal Growth,26,2024-01-26,0
C00283,Loyal Growth,11,2025-04-26,1
C00284,Loyal Growth,24,2024-03-27,0
C00285,Discount-Led,9,2025-06-26,1
C00286,Loyal Growth,13,2025-02-24,0
C00287,Champions,16,2024-11-25,0
C00288,Loyal Growth,11,2025-04-26,0
C00289,High-Value At Risk,12,2025-03-27,1
C00290,Champions,33,2023-06-27,0
C00291,Dormant,17,2024-10-26,0
C00292,Champions,25,2024-02-25,2
C00293,Dormant,15,2024-12-25,2
C00294,Champions,19,2024-08-26,0
C00295,Dormant,19,2024-08-26,3
C00296,Dormant,17,2024-10-26,0
C00297,Dormant,21,2024-06-26,1
C00298,Discount-Led,16,2024-11-25,0
C00299,Discount-Led,9,2025-06-26,1
C00300,Discount-Led,13,2025-02-24,0
C00301,Discount-Led,17,2024-10-26,2
C00302,Champions,29,2023-10-27,1
C00303,High-Value At Risk,33,2023-06-27,2
C00304,High-Value At Risk,23,2024-04-26,1
C00305,Dormant,8,2025-07-26,0
C00306,High-Value At Risk,22,2024-05-27,4
C00307,Loyal Growth,15,2024-12-25,1
C00308,Discount-Led,23,2024-04-26,4
C00309,Loyal Growth,24,2024-03-27,2
C00310,Champions,17,2024-10-26,0
C00311,High-Value At Risk,27,2023-12-27,1
C00312,Loyal Growth,20,2024-07-26,0
C00313,Loyal Growth,23,2024-04-26,1
C00314,Loyal Growth,23,2024-04-26,1
C00315,Loyal Growth,27,2023-12-27,1
C00316,Loyal Growth,28,2023-11-26,0
C00317,Loyal Growth,17,2024-10-26,0
C00318,Discount-Led,11,2025-04-26,2
C00319,Loyal Growth,27,2023-12-27,0
C00320,Dormant,20,2024-07-26,1
C00321,Dormant,16,2024-11-25,1
C00322,High-Value At Risk,27,2023-12-27,2
C00323,Loyal Growth,18,2024-09-25,1
C00324,High-Value At Risk,14,2025-01-25,0
C00325,Dormant,13,2025-02-24,1
C00326,Discount-Led,16,2024-11-25,0
C00327,Discount-Led,8,2025-07-26,1
C00328,High-Value At Risk,33,2023-06-27,3
C00329,Discount-Led,14,2025-01-25,1
C00330,Loyal Growth,26,2024-01-26,0
C00331,Discount-Led,11,2025-04-26,0
C00332,Loyal Growth,23,2024-04-26,0
C00333,Discount-Led,15,2024-12-25,0
C00334,Dormant,8,2025-07-26,1
C00335,Champions,21,2024-06-26,0
C00336,Discount-Led,12,2025-03-27,1
C00337,Champions,22,2024-05-27,0
C00338,Discount-Led,19,2024-08-26,0
C00339,Champions,25,2024-02-25,0
C00340,Dormant,10,2025-05-26,1
C00341,Champions,16,2024-11-25,0
C00342,Dormant,12,2025-03-27,1
C00343,Discount-Led,18,2024-09-25,0
C00344,Discount-Led,16,2024-11-25,0
C00345,Discount-Led,20,2024-07-26,2
C00346,Discount-Led,9,2025-06-26,2
C00347,Dormant,19,2024-08-26,3
C00348,Loyal Growth,24,2024-03-27,0
C00349,Discount-Led,24,2024-03-27,0
C00350,Champions,27,2023-12-27,0
C00351,Discount-Led,9,2025-06-26,0
C00352,Champions,36,2023-03-28,0
C00353,Discount-Led,9,2025-06-26,0
C00354,Discount-Led,22,2024-05-27,2
C00355,High-Value At Risk,12,2025-03-27,0
C00356,High-Value At Risk,15,2024-12-25,3
C00357,Discount-Led,17,2024-10-26,3
C00358,Discount-Led,15,2024-12-25,1
C00359,High-Value At Risk,16,2024-11-25,2
C00360,Discount-Led,15,2024-12-25,2
C00361,Dormant,18,2024-09-25,0
C00362,Champions,22,2024-05-27,0
C00363,Champions,27,2023-12-27,1
C00364,Champions,20,2024-07-26,1
C00365,Discount-Led,16,2024-11-25,0
C00366,Loyal Growth,16,2024-11-25,1
C00367,Discount-Led,19,2024-08-26,2
C00368,Discount-Led,14,2025-01-25,1
C00369,Loyal Growth,24,2024-03-27,0
C00370,Dormant,6,2025-09-25,0
C00371,Discount-Led,24,2024-03-27,1
C00372,Loyal Growth,14,2025-01-25,2
C00373,Loyal Growth,12,2025-03-27,2
C00374,Loyal Growth,23,2024-04-26,0
C00375,Champions,18,2024-09-25,0
C00376,Champions,26,2024-01-26,0
C00377,Dormant,13,2025-02-24,0
C00378,High-Value At Risk,27,2023-12-27,2
C00379,Loyal Growth,27,2023-12-27,0
C00380,Discount-Led,9,2025-06-26,0
C00381,High-Value At Risk,32,2023-07-28,1
C00382,Dormant,6,2025-09-25,1
C00383,Discount-Led,24,2024-03-27,0
C00384,High-Value At Risk,20,2024-07-26,0
C00385,Loyal Growth,21,2024-06-26,0
C00386,Dormant,6,2025-09-25,4
C00387,Discount-Led,23,2024-04-26,3
C00388,Dormant,11,2025-04-26,2
C00389,Champions,32,2023-07-28,1
C00390,Dormant,11,2025-04-26,2
C00391,Discount-Led,12,2025-03-27,0
C00392,Champions,29,2023-10-27,2
C00393,Discount-Led,16,2024-11-25,0
C00394,Discount-Led,22,2024-05-27,0
C00395,Champions,36,2023-03-28,0
C00396,High-Value At Risk,22,2024-05-27,1
C00397,Dormant,22,2024-05-27,2
C00398,Loyal Growth,17,2024-10-26,1
C00399,High-Value At Risk,30,2023-09-26,2
C00400,High-Value At Risk,20,2024-07-26,1
C00401,Loyal Growth,24,2024-03-27,1
C00402,Dormant,11,2025-04-26,1
C00403,Discount-Led,19,2024-08-26,3
C00404,Champions,36,2023-03-28,0
C00405,Dormant,15,2024-12-25,2
C00406,Dormant,8,2025-07-26,1
C00407,Loyal Growth,16,2024-11-25,1
C00408,Dormant,15,2024-12-25,2
C00409,Champions,26,2024-01-26,0
C00410,Dormant,14,2025-01-25,1
C00411,Discount-Led,14,2025-01-25,1
C00412,Discount-Led,23,2024-04-26,0
C00413,Champions,18,2024-09-25,1
C00414,Dormant,15,2024-12-25,0
C00415,Champions,30,2023-09-26,1
C00416,Loyal Growth,11,2025-04-26,1
C00417,Champions,32,2023-07-28,0
C00418,Discount-Led,23,2024-04-26,0
C00419,Loyal Growth,21,2024-06-26,1
C00420,Dormant,21,2024-06-26,1
C00421,Discount-Led,20,2024-07-26,0
C00422,Champions,24,2024-03-27,1
C00423,Champions,26,2024-01-26,0
C00424,Champions,30,2023-09-26,0
C00425,Discount-Led,9,2025-06-26,0
C00426,Discount-Led,19,2024-08-26,1
C00427,Loyal Growth,25,2024-02-25,2
C00428,Dormant,22,2024-05-27,0
C00429,Champions,35,2023-04-27,0
C00430,Discount-Led,14,2025-01-25,0
C00431,Dormant,20,2024-07-26,1
C00432,Discount-Led,9,2025-06-26,0
C00433,Discount-Led,11,2025-04-26,0
C00434,Dormant,9,2025-06-26,1
C00435,Champions,21,2024-06-26,0
C00436,Loyal Growth,16,2024-11-25,1
C00437,Champions,22,2024-05-27,1
C00438,High-Value At Risk,26,2024-01-26,2
C00439,Discount-Led,20,2024-07-26,2
C00440,Discount-Led,15,2024-12-25,0
C00441,Dormant,13,2025-02-24,0
C00442,Champions,27,2023-12-27,1
C00443,Discount-Led,9,2025-06-26,2
C00444,Loyal Growth,23,2024-04-26,3
C00445,Loyal Growth,11,2025-04-26,0
C00446,Discount-Led,17,2024-10-26,2
C00447,Dormant,6,2025-09-25,1
C00448,Discount-Led,11,2025-04-26,0
C00449,Champions,30,2023-09-26,2
C00450,Discount-Led,9,2025-06-26,0
C00451,Champions,20,2024-07-26,1
C00452,Dormant,22,2024-05-27,0
C00453,Discount-Led,18,2024-09-25,0
C00454,Champions,22,2024-05-27,1
C00455,Champions,34,2023-05-28,2
C00456,Loyal Growth,10,2025-05-26,0
C00457,Dormant,10,2025-05-26,1
C00458,High-Value At Risk,24,2024-03-27,3
C00459,Discount-Led,18,2024-09-25,0
C00460,Discount-Led,24,2024-03-27,0
C00461,Discount-Led,8,2025-07-26,0
C00462,Champions,19,2024-08-26,0
C00463,Dormant,10,2025-05-26,3
C00464,Loyal Growth,13,2025-02-24,0
C00465,Discount-Led,8,2025-07-26,0
C00466,Discount-Led,14,2025-01-25,0
C00467,Discount-Led,14,2025-01-25,0
C00468,Dormant,22,2024-05-27,0
C00469,Champions,18,2024-09-25,0
C00470,High-Value At Risk,26,2024-01-26,3
C00471,Loyal Growth,23,2024-04-26,2
C00472,High-Value At Risk,22,2024-05-27,1
C00473,Champions,22,2024-05-27,0
C00474,Champions,19,2024-08-26,1
C00475,Loyal Growth,10,2025-05-26,0
C00476,Loyal Growth,23,2024-04-26,2
C00477,High-Value At Risk,19,2024-08-26,0
C00478,Discount-Led,8,2025-07-26,1
C00479,Discount-Led,15,2024-12-25,0
C00480,Loyal Growth,20,2024-07-26,1
C00481,Loyal Growth,10,2025-05-26,1
C00482,Loyal Growth,19,2024-08-26,1
C00483,Discount-Led,12,2025-03-27,2
C00484,Loyal Growth,19,2024-08-26,0
C00485,Champions,33,2023-06-27,0
C00486,Loyal Growth,17,2024-10-26,1
C00487,High-Value At Risk,22,2024-05-27,1
C00488,Loyal Growth,16,2024-11-25,0
C00489,Discount-Led,8,2025-07-26,2
C00490,Discount-Led,10,2025-05-26,2
C00491,Discount-Led,15,2024-12-25,0
C00492,Discount-Led,10,2025-05-26,0
C00493,Discount-Led,13,2025-02-24,1
C00494,Loyal Growth,24,2024-03-27,1
C00495,Discount-Led,22,2024-05-27,1
C00496,High-Value At Risk,26,2024-01-26,0
C00497,High-Value At Risk,19,2024-08-26,2
C00498,Discount-Led,18,2024-09-25,0
C00499,Loyal Growth,17,2024-10-26,1
C00500,High-Value At Risk,25,2024-02-25,4
C00501,Discount-Led,20,2024-07-26,0
C00502,Dormant,11,2025-04-26,3
C00503,Dormant,9,2025-06-26,1
C00504,High-Value At Risk,25,2024-02-25,2
C00505,High-Value At Risk,33,2023-06-27,1
C00506,Discount-Led,23,2024-04-26,1
C00507,Loyal Growth,12,2025-03-27,1
C00508,Dormant,21,2024-06-26,2
C00509,High-Value At Risk,13,2025-02-24,3
C00510,Champions,33,2023-06-27,1
C00511,Champions,20,2024-07-26,0
C00512,Dormant,17,2024-10-26,2
C00513,Champions,16,2024-11-25,0
C00514,Loyal Growth,13,2025-02-24,0
C00515,Loyal Growth,25,2024-02-25,0
C00516,Champions,28,2023-11-26,0
C00517,Loyal Growth,26,2024-01-26,1
C00518,Discount-Led,17,2024-10-26,2
C00519,Champions,32,2023-07-28,0
C00520,Dormant,16,2024-11-25,1
C00521,Dormant,7,2025-08-26,2
C00522,Loyal Growth,15,2024-12-25,0
C00523,Champions,24,2024-03-27,0
C00524,Discount-Led,18,2024-09-25,2
C00525,Champions,36,2023-03-28,0
C00526,Loyal Growth,21,2024-06-26,0
C00527,Dormant,20,2024-07-26,2
C00528,Dormant,20,2024-07-26,0
C00529,Discount-Led,21,2024-06-26,0
C00530,Loyal Growth,12,2025-03-27,0
C00531,Discount-Led,23,2024-04-26,1
C00532,Discount-Led,24,2024-03-27,0
C00533,Loyal Growth,14,2025-01-25,1
C00534,Discount-Led,13,2025-02-24,2
C00535,Champions,35,2023-04-27,1
C00536,Loyal Growth,21,2024-06-26,0
C00537,High-Value At Risk,36,2023-03-28,3
C00538,Champions,35,2023-04-27,1
C00539,Champions,20,2024-07-26,2
C00540,Dormant,6,2025-09-25,0
C00541,Dormant,20,2024-07-26,3
C00542,High-Value At Risk,13,2025-02-24,2
C00543,Dormant,10,2025-05-26,0
C00544,Dormant,7,2025-08-26,1
C00545,Champions,16,2024-11-25,0
C00546,High-Value At Risk,17,2024-10-26,1
C00547,Loyal Growth,17,2024-10-26,0
C00548,Champions,27,2023-12-27,1
C00549,Discount-Led,15,2024-12-25,3
C00550,High-Value At Risk,15,2024-12-25,3
C00551,High-Value At Risk,12,2025-03-27,3
C00552,Champions,36,2023-03-28,0
C00553,Loyal Growth,16,2024-11-25,0
C00554,Dormant,14,2025-01-25,1
C00555,Champions,18,2024-09-25,0
C00556,Loyal Growth,20,2024-07-26,1
C00557,Loyal Growth,21,2024-06-26,0
C00558,High-Value At Risk,19,2024-08-26,4
C00559,Discount-Led,17,2024-10-26,0
C00560,High-Value At Risk,29,2023-10-27,1
C00561,Champions,34,2023-05-28,1
C00562,Loyal Growth,10,2025-05-26,1
C00563,Dormant,17,2024-10-26,1
C00564,Discount-Led,18,2024-09-25,0
C00565,Discount-Led,15,2024-12-25,1
C00566,Discount-Led,19,2024-08-26,1
C00567,Discount-Led,16,2024-11-25,1
C00568,Champions,33,2023-06-27,1
C00569,Loyal Growth,27,2023-12-27,1
C00570,High-Value At Risk,15,2024-12-25,1
C00571,Loyal Growth,23,2024-04-26,0
C00572,Dormant,9,2025-06-26,1
C00573,High-Value At Risk,17,2024-10-26,4
C00574,Discount-Led,10,2025-05-26,0
C00575,Dormant,19,2024-08-26,1
C00576,High-Value At Risk,19,2024-08-26,4
C00577,Dormant,14,2025-01-25,1
C00578,Discount-Led,15,2024-12-25,0
C00579,Dormant,13,2025-02-24,0
C00580,Loyal Growth,21,2024-06-26,1
C00581,High-Value At Risk,19,2024-08-26,3
C00582,High-Value At Risk,34,2023-05-28,1
C00583,Champions,23,2024-04-26,4
C00584,Loyal Growth,26,2024-01-26,2
C00585,Dormant,18,2024-09-25,1
C00586,Discount-Led,17,2024-10-26,0
C00587,Champions,36,2023-03-28,0
C00588,Loyal Growth,11,2025-04-26,2
C00589,Loyal Growth,13,2025-02-24,0
C00590,Champions,25,2024-02-25,0
C00591,Dormant,10,2025-05-26,0
C00592,High-Value At Risk,32,2023-07-28,4
C00593,Loyal Growth,25,2024-02-25,2
C00594,Discount-Led,22,2024-05-27,2
C00595,Champions,20,2024-07-26,1
C00596,Loyal Growth,25,2024-02-25,1
C00597,Discount-Led,14,2025-01-25,0
C00598,Discount-Led,17,2024-10-26,0
C00599,Dormant,11,2025-04-26,1
C00600,Discount-Led,22,2024-05-27,0
C00601,High-Value At Risk,16,2024-11-25,2
C00602,Discount-Led,16,2024-11-25,1
C00603,Dormant,11,2025-04-26,1
C00604,Discount-Led,18,2024-09-25,1
C00605,Dormant,9,2025-06-26,2
C00606,Discount-Led,16,2024-11-25,0
C00607,Dormant,17,2024-10-26,1
C00608,Champions,32,2023-07-28,0
C00609,Discount-Led,19,2024-08-26,1
C00610,High-Value At Risk,19,2024-08-26,2
C00611,High-Value At Risk,16,2024-11-25,4
C00612,Discount-Led,24,2024-03-27,1
C00613,Dormant,22,2024-05-27,2
C00614,Dormant,12,2025-03-27,1
C00615,Loyal Growth,20,2024-07-26,0
C00616,Discount-Led,20,2024-07-26,1
C00617,Discount-Led,13,2025-02-24,2
C00618,Loyal Growth,13,2025-02-24,0
C00619,Champions,33,2023-06-27,1
C00620,Champions,18,2024-09-25,0
C00621,Discount-Led,16,2024-11-25,0
C00622,High-Value At Risk,36,2023-03-28,3
C00623,Dormant,17,2024-10-26,0
C00624,High-Value At Risk,22,2024-05-27,2
C00625,Dormant,8,2025-07-26,1
C00626,Loyal Growth,17,2024-10-26,0
C00627,Discount-Led,11,2025-04-26,0
C00628,Champions,27,2023-12-27,0
C00629,High-Value At Risk,26,2024-01-26,1
C00630,Discount-Led,15,2024-12-25,1
C00631,Dormant,22,2024-05-27,1
C00632,Dormant,7,2025-08-26,1
C00633,Champions,25,2024-02-25,0
C00634,Loyal Growth,24,2024-03-27,0
C00635,Champions,32,2023-07-28,0
C00636,Champions,26,2024-01-26,0
C00637,Discount-Led,8,2025-07-26,1
C00638,Discount-Led,20,2024-07-26,3
C00639,Discount-Led,16,2024-11-25,1
C00640,Dormant,17,2024-10-26,1
C00641,Discount-Led,17,2024-10-26,0
C00642,Discount-Led,13,2025-02-24,1
C00643,Champions,17,2024-10-26,2
C00644,Loyal Growth,22,2024-05-27,2
C00645,Discount-Led,11,2025-04-26,0
C00646,Dormant,18,2024-09-25,2
C00647,Champions,27,2023-12-27,0
C00648,High-Value At Risk,15,2024-12-25,0
C00649,Discount-Led,9,2025-06-26,0
C00650,Champions,29,2023-10-27,0
C00651,Loyal Growth,24,2024-03-27,1
C00652,Dormant,17,2024-10-26,2
C00653,Discount-Led,20,2024-07-26,3
C00654,Loyal Growth,11,2025-04-26,1
C00655,Dormant,15,2024-12-25,3
C00656,Loyal Growth,22,2024-05-27,1
C00657,Dormant,10,2025-05-26,0
C00658,Loyal Growth,14,2025-01-25,1
C00659,Discount-Led,23,2024-04-26,0
C00660,Loyal Growth,13,2025-02-24,2
C00661,Loyal Growth,18,2024-09-25,1
C00662,Dormant,6,2025-09-25,1
C00663,Loyal Growth,12,2025-03-27,0
C00664,Champions,35,2023-04-27,1
C00665,Loyal Growth,26,2024-01-26,2
C00666,Discount-Led,24,2024-03-27,0
C00667,Discount-Led,22,2024-05-27,1
C00668,Dormant,19,2024-08-26,1
C00669,Loyal Growth,13,2025-02-24,1
C00670,Loyal Growth,25,2024-02-25,1
C00671,Champions,26,2024-01-26,0
C00672,Discount-Led,14,2025-01-25,1
C00673,Dormant,15,2024-12-25,0
C00674,Discount-Led,15,2024-12-25,0
C00675,Discount-Led,14,2025-01-25,0
C00676,Loyal Growth,21,2024-06-26,0
C00677,Dormant,7,2025-08-26,1
C00678,High-Value At Risk,31,2023-08-27,2
C00679,Champions,27,2023-12-27,2
C00680,Loyal Growth,24,2024-03-27,1
C00681,Champions,36,2023-03-28,0
C00682,Loyal Growth,17,2024-10-26,0
C00683,Champions,26,2024-01-26,0
C00684,High-Value At Risk,14,2025-01-25,1
C00685,Discount-Led,19,2024-08-26,1
C00686,Loyal Growth,20,2024-07-26,1
C00687,High-Value At Risk,12,2025-03-27,1
C00688,Dormant,6,2025-09-25,0
C00689,Discount-Led,10,2025-05-26,0
C00690,High-Value At Risk,18,2024-09-25,1
C00691,Loyal Growth,12,2025-03-27,0
C00692,Dormant,8,2025-07-26,1
C00693,Loyal Growth,18,2024-09-25,0
C00694,Loyal Growth,20,2024-07-26,0
C00695,Dormant,14,2025-01-25,0
C00696,High-Value At Risk,35,2023-04-27,1
C00697,Discount-Led,23,2024-04-26,1
C00698,Discount-Led,24,2024-03-27,1
C00699,Discount-Led,14,2025-01-25,0
C00700,Loyal Growth,28,2023-11-26,1
C00701,Loyal Growth,12,2025-03-27,1
C00702,Loyal Growth,17,2024-10-26,1
C00703,Champions,30,2023-09-26,1
C00704,Dormant,17,2024-10-26,3
C00705,Loyal Growth,19,2024-08-26,1
C00706,Discount-Led,17,2024-10-26,0
C00707,Discount-Led,21,2024-06-26,1
C00708,Discount-Led,12,2025-03-27,2
C00709,High-Value At Risk,33,2023-06-27,1
C00710,High-Value At Risk,16,2024-11-25,3
C00711,Dormant,11,2025-04-26,1
C00712,Discount-Led,19,2024-08-26,2
C00713,Dormant,19,2024-08-26,0
C00714,Dormant,14,2025-01-25,0
C00715,Discount-Led,23,2024-04-26,0
C00716,Loyal Growth,14,2025-01-25,1
C00717,Discount-Led,10,2025-05-26,0
C00718,Champions,33,2023-06-27,0
C00719,Discount-Led,20,2024-07-26,0
C00720,Dormant,13,2025-02-24,3
C00721,High-Value At Risk,14,2025-01-25,2
C00722,High-Value At Risk,31,2023-08-27,1
C00723,Champions,27,2023-12-27,0
C00724,Dormant,6,2025-09-25,3
C00725,Champions,31,2023-08-27,0
C00726,Champions,28,2023-11-26,0
C00727,Loyal Growth,16,2024-11-25,0
C00728,Champions,22,2024-05-27,0
C00729,High-Value At Risk,36,2023-03-28,2
C00730,High-Value At Risk,16,2024-11-25,6
C00731,Loyal Growth,13,2025-02-24,0
C00732,Champions,28,2023-11-26,0
C00733,Champions,31,2023-08-27,0
C00734,Loyal Growth,21,2024-06-26,0
C00735,Champions,26,2024-01-26,0
C00736,Discount-Led,9,2025-06-26,0
C00737,Loyal Growth,13,2025-02-24,2
C00738,Loyal Growth,21,2024-06-26,1
C00739,Loyal Growth,10,2025-05-26,1
C00740,Loyal Growth,18,2024-09-25,1
C00741,Champions,29,2023-10-27,0
C00742,Champions,33,2023-06-27,0
C00743,Dormant,10,2025-05-26,0
C00744,Champions,31,2023-08-27,1
C00745,High-Value At Risk,25,2024-02-25,0
C00746,High-Value At Risk,14,2025-01-25,4
C00747,Loyal Growth,20,2024-07-26,2
C00748,High-Value At Risk,18,2024-09-25,1
C00749,Discount-Led,14,2025-01-25,1
C00750,Dormant,12,2025-03-27,1
C00751,Loyal Growth,17,2024-10-26,0
C00752,Loyal Growth,12,2025-03-27,2
C00753,Loyal Growth,18,2024-09-25,0
C00754,High-Value At Risk,31,2023-08-27,1
C00755,Discount-Led,10,2025-05-26,1
C00756,Loyal Growth,28,2023-11-26,0
C00757,Loyal Growth,15,2024-12-25,1
C00758,Dormant,9,2025-06-26,2
C00759,Champions,24,2024-03-27,1
C00760,High-Value At Risk,30,2023-09-26,4
C00761,Discount-Led,22,2024-05-27,2
C00762,Champions,29,2023-10-27,1
C00763,Champions,33,2023-06-27,0
C00764,Champions,20,2024-07-26,0
C00765,Dormant,19,2024-08-26,0
C00766,Champions,25,2024-02-25,1
C00767,Loyal Growth,11,2025-04-26,0
C00768,Champions,25,2024-02-25,0
C00769,Champions,19,2024-08-26,0
C00770,Discount-Led,20,2024-07-26,0
C00771,Loyal Growth,20,2024-07-26,3
C00772,Discount-Led,24,2024-03-27,0
C00773,Discount-Led,8,2025-07-26,1
C00774,Dormant,16,2024-11-25,0
C00775,Champions,20,2024-07-26,1
C00776,Dormant,7,2025-08-26,1
C00777,Discount-Led,23,2024-04-26,1
C00778,Champions,20,2024-07-26,4
C00779,Discount-Led,10,2025-05-26,0
C00780,Dormant,13,2025-02-24,0
C00781,Loyal Growth,16,2024-11-25,0
C00782,Dormant,12,2025-03-27,0
C00783,High-Value At Risk,35,2023-04-27,3
C00784,Discount-Led,24,2024-03-27,1
C00785,Dormant,18,2024-09-25,0
C00786,Loyal Growth,22,2024-05-27,1
C00787,Dormant,17,2024-10-26,2
C00788,Loyal Growth,14,2025-01-25,1
C00789,Discount-Led,20,2024-07-26,0
C00790,Discount-Led,19,2024-08-26,0
C00791,Loyal Growth,22,2024-05-27,0
C00792,Loyal Growth,13,2025-02-24,0
C00793,Loyal Growth,25,2024-02-25,0
C00794,Champions,25,2024-02-25,0
C00795,Champions,21,2024-06-26,0
C00796,Loyal Growth,20,2024-07-26,2
C00797,Champions,20,2024-07-26,0
C00798,Champions,34,2023-05-28,0
C00799,Discount-Led,12,2025-03-27,2
C00800,Discount-Led,20,2024-07-26,1
C00801,Discount-Led,8,2025-07-26,0
C00802,Loyal Growth,15,2024-12-25,1
C00803,Dormant,10,2025-05-26,3
C00804,Discount-Led,22,2024-05-27,0
C00805,Champions,23,2024-04-26,0
C00806,Champions,16,2024-11-25,0
C00807,Discount-Led,21,2024-06-26,0
C00808,Champions,18,2024-09-25,0
C00809,High-Value At Risk,13,2025-02-24,0
C00810,Dormant,7,2025-08-26,1
C00811,Champions,32,2023-07-28,1
C00812,Champions,36,2023-03-28,1
C00813,Dormant,7,2025-08-26,0
C00814,Discount-Led,19,2024-08-26,0
C00815,Champions,27,2023-12-27,0
C00816,Dormant,7,2025-08-26,4
C00817,Dormant,11,2025-04-26,1
C00818,High-Value At Risk,13,2025-02-24,0
C00819,Discount-Led,8,2025-07-26,1
C00820,Loyal Growth,19,2024-08-26,0
C00821,Champions,33,2023-06-27,0
C00822,Discount-Led,10,2025-05-26,0
C00823,Loyal Growth,27,2023-12-27,1
C00824,Discount-Led,20,2024-07-26,0
C00825,Dormant,10,2025-05-26,0
C00826,Champions,20,2024-07-26,0
C00827,Discount-Led,16,2024-11-25,1
C00828,Loyal Growth,23,2024-04-26,1
C00829,Dormant,15,2024-12-25,6
C00830,Loyal Growth,12,2025-03-27,0
C00831,Discount-Led,11,2025-04-26,0
C00832,High-Value At Risk,13,2025-02-24,0
C00833,Loyal Growth,21,2024-06-26,2
C00834,Discount-Led,13,2025-02-24,0
C00835,Discount-Led,22,2024-05-27,0
C00836,Discount-Led,20,2024-07-26,0
C00837,Discount-Led,21,2024-06-26,0
C00838,Dormant,10,2025-05-26,0
C00839,Loyal Growth,20,2024-07-26,2
C00840,High-Value At Risk,32,2023-07-28,2
C00841,Champions,22,2024-05-27,0
C00842,Discount-Led,19,2024-08-26,0
C00843,High-Value At Risk,17,2024-10-26,1
C00844,Loyal Growth,12,2025-03-27,0
C00845,Champions,16,2024-11-25,1
C00846,Dormant,8,2025-07-26,1
C00847,Loyal Growth,22,2024-05-27,2
C00848,Discount-Led,23,2024-04-26,0
C00849,Champions,34,2023-05-28,0
C00850,Dormant,15,2024-12-25,3
C00851,Champions,26,2024-01-26,0
C00852,Loyal Growth,20,2024-07-26,0
C00853,Dormant,17,2024-10-26,1
C00854,Dormant,6,2025-09-25,0
C00855,Loyal Growth,15,2024-12-25,0
C00856,High-Value At Risk,26,2024-01-26,0
C00857,Discount-Led,10,2025-05-26,0
C00858,Dormant,17,2024-10-26,1
C00859,Loyal Growth,11,2025-04-26,0
C00860,High-Value At Risk,17,2024-10-26,2
C00861,Discount-Led,23,2024-04-26,1
C00862,Discount-Led,24,2024-03-27,2
C00863,Discount-Led,11,2025-04-26,1
C00864,Discount-Led,16,2024-11-25,0
C00865,Champions,29,2023-10-27,0
C00866,Dormant,17,2024-10-26,0
C00867,Dormant,7,2025-08-26,0
C00868,Discount-Led,9,2025-06-26,1
C00869,Champions,18,2024-09-25,0
C00870,Loyal Growth,18,2024-09-25,0
C00871,Discount-Led,15,2024-12-25,1
C00872,Champions,23,2024-04-26,0
C00873,Dormant,10,2025-05-26,3
C00874,Loyal Growth,19,2024-08-26,0
C00875,Discount-Led,10,2025-05-26,0
C00876,Dormant,22,2024-05-27,0
C00877,Loyal Growth,26,2024-01-26,1
C00878,Loyal Growth,28,2023-11-26,0
C00879,Discount-Led,11,2025-04-26,1
C00880,Discount-Led,8,2025-07-26,3
C00881,Loyal Growth,18,2024-09-25,0
C00882,Discount-Led,12,2025-03-27,1
C00883,Dormant,7,2025-08-26,0
C00884,High-Value At Risk,14,2025-01-25,0
C00885,Loyal Growth,28,2023-11-26,2
C00886,Loyal Growth,18,2024-09-25,1
C00887,Loyal Growth,11,2025-04-26,1
C00888,Champions,33,2023-06-27,1
C00889,Champions,30,2023-09-26,0
C00890,Discount-Led,8,2025-07-26,0
C00891,Loyal Growth,13,2025-02-24,1
C00892,Dormant,11,2025-04-26,0
C00893,Loyal Growth,27,2023-12-27,0
C00894,Champions,26,2024-01-26,1
C00895,Discount-Led,11,2025-04-26,1
C00896,Dormant,7,2025-08-26,3
C00897,Loyal Growth,26,2024-01-26,0
C00898,Loyal Growth,10,2025-05-26,0
C00899,Loyal Growth,10,2025-05-26,0
C00900,High-Value At Risk,20,2024-07-26,2
C00901,High-Value At Risk,26,2024-01-26,2
C00902,Loyal Growth,22,2024-05-27,1
C00903,Champions,18,2024-09-25,0
C00904,High-Value At Risk,19,2024-08-26,2
C00905,Dormant,12,2025-03-27,1
C00906,Discount-Led,15,2024-12-25,1
C00907,High-Value At Risk,21,2024-06-26,1
C00908,Champions,26,2024-01-26,1
C00909,Loyal Growth,15,2024-12-25,0
C00910,Loyal Growth,28,2023-11-26,2
C00911,Discount-Led,16,2024-11-25,1
C00912,Dormant,9,2025-06-26,2
C00913,Dormant,20,2024-07-26,2
C00914,Dormant,8,2025-07-26,2
C00915,Dormant,18,2024-09-25,2
C00916,Dormant,7,2025-08-26,4
C00917,Champions,24,2024-03-27,0
C00918,Champions,26,2024-01-26,0
C00919,Loyal Growth,23,2024-04-26,1
C00920,High-Value At Risk,14,2025-01-25,1
C00921,Champions,25,2024-02-25,0
C00922,Dormant,11,2025-04-26,2
C00923,Discount-Led,9,2025-06-26,1
C00924,High-Value At Risk,33,2023-06-27,2
C00925,Champions,23,2024-04-26,0
C00926,Loyal Growth,20,2024-07-26,3
C00927,Champions,19,2024-08-26,1
C00928,Dormant,15,2024-12-25,0
C00929,Discount-Led,10,2025-05-26,0
C00930,Discount-Led,17,2024-10-26,0
C00931,Loyal Growth,18,2024-09-25,1
C00932,Loyal Growth,10,2025-05-26,0
C00933,Loyal Growth,10,2025-05-26,0
C00934,Discount-Led,8,2025-07-26,1
C00935,Discount-Led,8,2025-07-26,1
C00936,Loyal Growth,22,2024-05-27,2
C00937,Dormant,16,2024-11-25,0
C00938,Champions,16,2024-11-25,4
C00939,Dormant,7,2025-08-26,2
C00940,Champions,32,2023-07-28,0
C00941,Loyal Growth,23,2024-04-26,1
C00942,Dormant,18,2024-09-25,0
C00943,Champions,26,2024-01-26,1
C00944,Loyal Growth,15,2024-12-25,0
C00945,High-Value At Risk,31,2023-08-27,2
C00946,Loyal Growth,20,2024-07-26,3
C00947,Discount-Led,12,2025-03-27,2
C00948,Dormant,13,2025-02-24,3
C00949,Dormant,19,2024-08-26,1
C00950,Loyal Growth,13,2025-02-24,0
C00951,High-Value At Risk,35,2023-04-27,1
C00952,Loyal Growth,26,2024-01-26,2
C00953,Loyal Growth,16,2024-11-25,1
C00954,Champions,24,2024-03-27,0
C00955,Dormant,12,2025-03-27,2
C00956,Dormant,6,2025-09-25,2
C00957,Discount-Led,15,2024-12-25,6
C00958,High-Value At Risk,18,2024-09-25,1
C00959,High-Value At Risk,32,2023-07-28,2
C00960,High-Value At Risk,31,2023-08-27,2
C00961,High-Value At Risk,28,2023-11-26,2
C00962,High-Value At Risk,14,2025-01-25,0
C00963,Champions,36,2023-03-28,0
C00964,Champions,16,2024-11-25,0
C00965,Dormant,16,2024-11-25,1
C00966,High-Value At Risk,29,2023-10-27,1
C00967,Dormant,9,2025-06-26,3
C00968,Champions,22,2024-05-27,0
C00969,High-Value At Risk,28,2023-11-26,2
C00970,Loyal Growth,18,2024-09-25,2
C00971,Loyal Growth,15,2024-12-25,1
C00972,Champions,23,2024-04-26,1
C00973,Champions,27,2023-12-27,1
C00974,Dormant,21,2024-06-26,2
C00975,Loyal Growth,26,2024-01-26,3
C00976,Discount-Led,11,2025-04-26,1
C00977,High-Value At Risk,16,2024-11-25,1
C00978,Loyal Growth,24,2024-03-27,0
C00979,High-Value At Risk,19,2024-08-26,2
C00980,Loyal Growth,16,2024-11-25,1
C00981,Dormant,6,2025-09-25,1
C00982,Dormant,19,2024-08-26,3
C00983,Discount-Led,9,2025-06-26,1
C00984,High-Value At Risk,24,2024-03-27,3
C00985,Champions,21,2024-06-26,4
C00986,Dormant,6,2025-09-25,0
C00987,Loyal Growth,15,2024-12-25,1
C00988,Champions,18,2024-09-25,1
C00989,Loyal Growth,19,2024-08-26,0
C00990,Discount-Led,10,2025-05-26,0
C00991,Discount-Led,12,2025-03-27,1
C00992,Discount-Led,11,2025-04-26,2
C00993,Discount-Led,17,2024-10-26,0
C00994,Loyal Growth,23,2024-04-26,0
C00995,Dormant,20,2024-07-26,2
C00996,High-Value At Risk,20,2024-07-26,5
C00997,Discount-Led,23,2024-04-26,0
C00998,Champions,29,2023-10-27,0
C00999,Dormant,18,2024-09-25,1
C01000,Loyal Growth,28,2023-11-26,1
C01001,Champions,27,2023-12-27,0
C01002,High-Value At Risk,32,2023-07-28,2
C01003,Champions,30,2023-09-26,1
C01004,Champions,16,2024-11-25,0
C01005,Discount-Led,19,2024-08-26,0
C01006,Loyal Growth,24,2024-03-27,0
C01007,Dormant,10,2025-05-26,1
C01008,Loyal Growth,14,2025-01-25,0
C01009,Discount-Led,23,2024-04-26,0
C01010,High-Value At Risk,19,2024-08-26,1
C01011,Discount-Led,16,2024-11-25,0
C01012,Discount-Led,10,2025-05-26,1
C01013,High-Value At Risk,17,2024-10-26,4
C01014,Dormant,9,2025-06-26,0
C01015,Loyal Growth,16,2024-11-25,0
C01016,Champions,18,2024-09-25,0
C01017,Discount-Led,23,2024-04-26,1
C01018,Dormant,12,2025-03-27,1
C01019,Champions,32,2023-07-28,0
C01020,High-Value At Risk,33,2023-06-27,2
C01021,Dormant,7,2025-08-26,0
C01022,Discount-Led,20,2024-07-26,0
C01023,Dormant,18,2024-09-25,0
C01024,High-Value At Risk,24,2024-03-27,0
C01025,Discount-Led,18,2024-09-25,2
C01026,Loyal Growth,16,2024-11-25,0
C01027,Dormant,10,2025-05-26,0
C01028,Loyal Growth,21,2024-06-26,1
C01029,Discount-Led,24,2024-03-27,0
C01030,Loyal Growth,18,2024-09-25,0
C01031,Discount-Led,16,2024-11-25,0
C01032,Discount-Led,8,2025-07-26,1
C01033,High-Value At Risk,22,2024-05-27,1
C01034,Dormant,15,2024-12-25,0
C01035,Loyal Growth,22,2024-05-27,1
C01036,Discount-Led,13,2025-02-24,4
C01037,Loyal Growth,26,2024-01-26,2
C01038,Loyal Growth,26,2024-01-26,1
C01039,High-Value At Risk,16,2024-11-25,5
C01040,Champions,29,2023-10-27,0
C01041,Champions,27,2023-12-27,3
C01042,Discount-Led,20,2024-07-26,1
C01043,Discount-Led,20,2024-07-26,0
C01044,Discount-Led,24,2024-03-27,2
C01045,Champions,29,2023-10-27,0
C01046,Loyal Growth,14,2025-01-25,1
C01047,Loyal Growth,10,2025-05-26,1
C01048,Discount-Led,9,2025-06-26,1
C01049,Dormant,15,2024-12-25,0
C01050,Loyal Growth,13,2025-02-24,1
C01051,Discount-Led,10,2025-05-26,1
C01052,Champions,31,2023-08-27,0
C01053,Loyal Growth,15,2024-12-25,1
C01054,Champions,21,2024-06-26,1
C01055,Loyal Growth,17,2024-10-26,0
C01056,Discount-Led,9,2025-06-26,0
C01057,Dormant,13,2025-02-24,1
C01058,Loyal Growth,25,2024-02-25,1
C01059,High-Value At Risk,28,2023-11-26,6
C01060,Discount-Led,23,2024-04-26,2
C01061,Dormant,14,2025-01-25,1
C01062,Discount-Led,22,2024-05-27,3
C01063,Loyal Growth,27,2023-12-27,1
C01064,Discount-Led,13,2025-02-24,0
C01065,Loyal Growth,10,2025-05-26,0
C01066,Dormant,6,2025-09-25,2
C01067,Loyal Growth,19,2024-08-26,0
C01068,Discount-Led,21,2024-06-26,0
C01069,Champions,18,2024-09-25,0
C01070,Loyal Growth,10,2025-05-26,0
C01071,Dormant,14,2025-01-25,0
C01072,Discount-Led,11,2025-04-26,0
C01073,High-Value At Risk,23,2024-04-26,4
C01074,Dormant,17,2024-10-26,1
C01075,Dormant,18,2024-09-25,1
C01076,Loyal Growth,18,2024-09-25,0
C01077,High-Value At Risk,15,2024-12-25,4
C01078,High-Value At Risk,29,2023-10-27,2
C01079,Discount-Led,10,2025-05-26,2
C01080,Loyal Growth,16,2024-11-25,1
C01081,Loyal Growth,20,2024-07-26,0
C01082,Dormant,13,2025-02-24,1
C01083,Dormant,22,2024-05-27,1
C01084,Dormant,6,2025-09-25,2
C01085,Dormant,7,2025-08-26,3
C01086,Discount-Led,18,2024-09-25,0
C01087,Discount-Led,9,2025-06-26,0
C01088,Discount-Led,12,2025-03-27,0
C01089,High-Value At Risk,35,2023-04-27,2
C01090,High-Value At Risk,21,2024-06-26,3
C01091,Loyal Growth,10,2025-05-26,0
C01092,Discount-Led,15,2024-12-25,1
C01093,Loyal Growth,14,2025-01-25,0
C01094,Loyal Growth,28,2023-11-26,1
C01095,Discount-Led,10,2025-05-26,1
C01096,Loyal Growth,21,2024-06-26,0
C01097,Loyal Growth,13,2025-02-24,0
C01098,Dormant,7,2025-08-26,2
C01099,Dormant,8,2025-07-26,0
C01100,Champions,36,2023-03-28,0
C01101,Champions,23,2024-04-26,2
C01102,Loyal Growth,23,2024-04-26,1
C01103,Discount-Led,17,2024-10-26,2
C01104,Dormant,22,2024-05-27,0
C01105,Champions,33,2023-06-27,0
C01106,Discount-Led,19,2024-08-26,2
C01107,Champions,31,2023-08-27,0
C01108,Loyal Growth,15,2024-12-25,0
C01109,Dormant,15,2024-12-25,0
C01110,Loyal Growth,13,2025-02-24,2
C01111,Champions,18,2024-09-25,1
C01112,High-Value At Risk,21,2024-06-26,4
C01113,Discount-Led,21,2024-06-26,0
C01114,Dormant,20,2024-07-26,1
C01115,Dormant,12,2025-03-27,2
C01116,Champions,26,2024-01-26,0
C01117,Champions,34,2023-05-28,0
C01118,Discount-Led,22,2024-05-27,1
C01119,Loyal Growth,15,2024-12-25,1
C01120,Dormant,15,2024-12-25,0
C01121,Discount-Led,9,2025-06-26,1
C01122,Champions,35,2023-04-27,0
C01123,Dormant,17,2024-10-26,1
C01124,Champions,16,2024-11-25,0
C01125,High-Value At Risk,19,2024-08-26,1
C01126,High-Value At Risk,28,2023-11-26,0
C01127,High-Value At Risk,35,2023-04-27,1
C01128,Discount-Led,11,2025-04-26,0
C01129,Discount-Led,11,2025-04-26,0
C01130,Dormant,20,2024-07-26,0
C01131,Dormant,20,2024-07-26,0
C01132,High-Value At Risk,33,2023-06-27,4
C01133,Champions,16,2024-11-25,2
C01134,Discount-Led,18,2024-09-25,0
C01135,Dormant,11,2025-04-26,0
C01136,Loyal Growth,15,2024-12-25,1
C01137,High-Value At Risk,35,2023-04-27,0
C01138,High-Value At Risk,20,2024-07-26,1
C01139,Champions,19,2024-08-26,0
C01140,Discount-Led,15,2024-12-25,1
C01141,Loyal Growth,28,2023-11-26,0
C01142,Discount-Led,16,2024-11-25,0
C01143,Dormant,16,2024-11-25,0
C01144,Dormant,9,2025-06-26,0
C01145,Loyal Growth,23,2024-04-26,1
C01146,Loyal Growth,19,2024-08-26,0
C01147,Discount-Led,8,2025-07-26,0
C01148,Discount-Led,17,2024-10-26,0
C01149,High-Value At Risk,17,2024-10-26,1
C01150,Dormant,7,2025-08-26,4
C01151,Champions,33,2023-06-27,0
C01152,Dormant,11,2025-04-26,0
C01153,Champions,30,2023-09-26,0
C01154,Champions,17,2024-10-26,0
C01155,High-Value At Risk,15,2024-12-25,3
C01156,Champions,19,2024-08-26,0
C01157,Champions,27,2023-12-27,0
C01158,Champions,19,2024-08-26,0
C01159,High-Value At Risk,22,2024-05-27,2
C01160,Discount-Led,10,2025-05-26,1
C01161,Champions,24,2024-03-27,0
C01162,Discount-Led,17,2024-10-26,0
C01163,Dormant,19,2024-08-26,0
C01164,Champions,25,2024-02-25,1
C01165,Champions,36,2023-03-28,0
C01166,Dormant,9,2025-06-26,4
C01167,Dormant,16,2024-11-25,2
C01168,High-Value At Risk,24,2024-03-27,2
C01169,Dormant,7,2025-08-26,0
C01170,Champions,24,2024-03-27,1
C01171,Loyal Growth,10,2025-05-26,0
C01172,Discount-Led,21,2024-06-26,1
C01173,Loyal Growth,22,2024-05-27,0
C01174,Discount-Led,23,2024-04-26,0
C01175,High-Value At Risk,28,2023-11-26,1
C01176,Discount-Led,12,2025-03-27,3
C01177,High-Value At Risk,24,2024-03-27,4
C01178,Loyal Growth,18,2024-09-25,3
C01179,Loyal Growth,18,2024-09-25,0
C01180,Loyal Growth,21,2024-06-26,1
C01181,Discount-Led,20,2024-07-26,1
C01182,Champions,30,2023-09-26,0
C01183,Champions,24,2024-03-27,0
C01184,Champions,29,2023-10-27,0
C01185,Champions,18,2024-09-25,0
C01186,Dormant,6,2025-09-25,2
C01187,Loyal Growth,27,2023-12-27,0
C01188,Dormant,13,2025-02-24,0
C01189,Champions,22,2024-05-27,0
C01190,Discount-Led,20,2024-07-26,2
C01191,High-Value At Risk,12,2025-03-27,0
C01192,Loyal Growth,21,2024-06-26,0
C01193,Dormant,14,2025-01-25,2
C01194,Dormant,7,2025-08-26,0
C01195,Dormant,9,2025-06-26,2
C01196,Loyal Growth,16,2024-11-25,1
C01197,Loyal Growth,21,2024-06-26,1
C01198,Discount-Led,19,2024-08-26,1
C01199,Loyal Growth,28,2023-11-26,2
C01200,Discount-Led,20,2024-07-26,0
